topic,google-doc-id
sports,1bUbPWzNs9fJUGwKWnXYz7R99xWChpRTH
sports,1LsCDrzeV83-XKobCvqAC8smszlcoxwxh
sports,1b8u2IXDcYYkn6oeZeENaJSBz91_c5xz_
sports,1cPiErCJQxqgxOK-ppOsbq6WZSoUlTFi-
sports,1Uee6u4rbdocpQm5XSE3OUTYv4rycOjGn
sports,101MhUucBGkJtR_29fPAcwmMekfWD1f-q
sports,1Nw4QlCDM7fz8QWmYn3gzyDnglbEe26sw
school_star,1p_URpLI0Tgm_ZmXzDL788nefwhCEgAIT
school_star,1SH23DweZPUYOW7Yvq2uP8_dW3Y0qpAh8
school_star,1U0DxCmU2a5WTdMuCg4z1vESQdKp6JCYZ
school_star,1k6UQBXI8oOJpLi4rmwK-oM2E0vhDBHQk
robotics,1AKtI2fQVP0Er0licUhCPlKAHH1thXIhK
robotics,1QOxTXYao6p6T2oZyS3fp7uDXqWC6-80K
robotics,16K_hk2xKttRicU11K1i3E0QMwbmkQqyg
robotics,1Vm0gM8rwuAsflcRjoCdlvGJYJ5qNJs6z
robotics,1OuzHfz5GIR40e3y3ps8GqMkhm4uuBvkE
robotics,1PEjogcY5uum-KcoWwcDJp8MkYWrtc4Z2
robotics,1Nnrb__MsXVpVt4t-ABb9ivDqvTocvVZm
robotics,1YCnFiECjNvnuxmpw3yw44AU-F_F_dq2S
robotics,1_3OPUA6w6RZbm_zj85daacLnjS2i-RU0
robotics,121XWJQMiNRi_vq0kyGHm0iF7LpUK1hf_
robotics,1RRl5Z_mUHC8Skqc-fCG_UJ8WXbLvNZQ0
projects,1VdUBesH0uW0zi0Hfz5e2tGCYsKFKYZY6
projects,1tLjjTjNeRplAeCJ854wSrGjkmt7N4kHE
olympiads,1jqO3gsbuxNCuskQs0mb1fHN7R5DXNltl
olympiads,10w4NHfTpAknNUP0KkynyqFY69ZxRHu4n
olympiads,1ERHhGG7_tEeWZ_HmYESua8Q7V-koXYPk
olympiads,1pRrFxieFChNY0tW7bi-w-_PjF_fz5YKJ
olympiads,1FicussIDJN0csnUP_tEoSN-VFad0vqy4
olympiads,1OZiDKKGS8XqyH7iYPuhUDncY5f1bg8la
olympiads,1kpAi8BgkL6XvNqAqBd_z3WV0sxULVFyu
olympiads,1cocZSmoLiXRICRt5RiXguzoh8Y-m5cT3
olympiads,1RCX3SB_8K2LK8deZ4zPx5FpFKKXQrXA6
olympiads,1GQ7_axhBtQlQELwJC8_l2QaqMrHeCcwh
olympiads,1-D5wuYC7oYqPMh2A5qc0_gKV2siOgxa2
olympiads,1RgpKHTgSFxsaYrcQ0AwZUQGhRMKeHo1J
olympiads,1Nffpzl85311TvlTHolatjHHjtikpyuyC
olympiads,18gvJSxJqA90QN1AZqTIRCib1utLe6xzF
olympiads,1HMaFJmxpAkUIUaapG0Htv4A_zRAfCmBp
olympiads,1MAAdo6MfedwU5fzVpTlX_qa5KydYq9-T
olympiads,1P-vXZ3VTE4UqLaRMQyNbtr5tFlsvNhJ8
olympiads,15mUht9Jjk6Nfg5tAeXmbWnBh0GnrFp2s
olympiads,1HscNlDcHRKjSOBS2Ns-G0rcsGphOr76e
olympiads,1z2--JJaAdIr-pYF7Nhhb6Tqpj0UvT9yW
olympiads,1HUO09CPQ3BKBO158n6M4OUSQsGMRJ0Zf
olympiads,1qfsTm4gVrvzAn9K2cGst-Rq5HKQ1sepy
olympiads,1mDvSrL-ORFBdEwZ8xoU0uGFAM1URky55
olympiads,1x72D87U9yz-OEIoj6UxyS1lWmzoa9EYE
olympiads,1LwAX3WnxXvR13e810_M4H2GPCV-NOLYP
olympiads,1jGfigVfwd18QnXyT3hpA65IxFCE0ojmn
olympiads,1wbtrj4YXpNCdjLoNXIVVQgF7tg0iwUoD
olympiads,1Qr71WVt_vGfiVf7Mjn5UEGKh9S3W8qn0
olympiads,1C_GzpF3jxPHI4LmkO1Jk8dDNhWcHWUEa
olympiads,1yfyxdg3WaSLlQxfMB5aw9DKlnwW6k1lK
olympiads,1zngLR0rTJ9wNrOXKyRuEa5hJVp1DIvfx
olympiads,13duO3V1Ra49yEtZV9-yLeK9M7QJvqUaK
olympiads,1-GT8Yi5d1v6PvPVQ28Ptvqm44KVVEJIo
olympiads,1lcrmCtFdwa0YnakOEezjBeWbLjpoCbxO
olympiads,1t3MbSXTfP_nTpGCtWrfscDtiQL5ZFRzk
olympiads,1MImLxx9r5S2tbSjzd32BpYvJQMXIwyOQ
olympiads,1t85gmVWCQJdfhQFW5TrwRXNR4o0e-IhX
olympiads,1gIML8GIftDiDF7YT16LFPUTUl6Qc2r2S
school,1Wpv0SSI90kMm_XHeq-RI-GS5oMKoZnbS
school,1meHq_9zxDcKBp4pDWsDQSqX9fOlsqze6
dancing,15fCeAboj-_sE9UYoq-ocmILzkuC0cBYE
dancing,1C7s-HdfqLnKyZ7ekNCQ1ZrQffTnvhVLC
dancing,1NxHZ4f9xrOZXPwbvvoeNj6c-PsZFXMZv
aeromodelling,1c8ooqMYuRzw1qtvhomxhRXjpAnwR8xZE
aeromodelling,1QXL8dBktAb69Ci_eE8yjKeUMV4X0OG-y
aeromodelling,1CT1pDGKYZE3B9dKiEodIJdPcEOFuX3Dg
aeromodelling,1fQM144JkR1xJPzHUu-yMCrEaqNx5HjwU
aeromodelling,1JGSUOBhi6pQv8DvDljur7zgFDR-vkmlR
aeromodelling,14ac5bmOHc6r6D7MgeFYL2kBd29p73wGX
aeromodelling,1CT1pDGKYZE3B9dKiEodIJdPcEOFuX3Dg
